{
  "project_name": "dataset_20260328_1232",
  "created": "2026-03-28T21:10:27.058101+00:00",
  "class_names": [
    "building",
    "road",
    "tree"
  ],
  "gsd_cm": 58.77329072934438,
  "source_bbox": [
    -90.735397,
    14.555256,
    -90.732114,
    14.558413
  ],
  "n_tiles": 1,
  "n_train": 0,
  "n_val": 1,
  "n_annotations_train": 0,
  "n_annotations_val": 230
}